tur,i,faz,psnr_y,ssim_y,psnr_rgb
ozgun,0,0,42.55939699134446,,34.98012811748448
ara,1,0.25,31.146353424441273,0.9694672910648858,28.850140605246143
ara,2,0.5,30.737172175786263,0.9691148899731548,27.54946904235141
ara,3,0.75,31.108258884488272,0.968695722064324,28.01804115724373
ozgun,4,0,42.589469626594834,,34.88018900272098
ara,5,0.25,30.95803663315024,0.967980058592428,28.68768707416693
ara,6,0.5,30.542015097315698,0.9677608652637333,27.377615869334413
ara,7,0.75,30.91949455243505,0.9674274890690223,27.86026699499022
ozgun,8,0,42.56767049053607,,34.768563687356576
ara,9,0.25,30.742783046243094,0.9668092372636878,28.50019201937544
ara,10,0.5,30.357208508183486,0.9667185514633961,27.2211047116053
ara,11,0.75,30.692364587265377,0.9661859616954636,27.665979268241315
ozgun,12,0,42.592641050445735,,34.67103090104376
ara,13,0.25,30.53068267680348,0.9653577169786647,28.316471175985484
ara,14,0.5,30.114782945080513,0.9650869754733368,27.027201001706615
ara,15,0.75,30.502944982043736,0.9647612985197306,27.499482044539825
ozgun,16,0,42.58364805715778,,34.557537974975475
ara,17,0.25,30.382600202194613,0.9639866411603883,28.170822079816745
ara,18,0.5,29.961675174333294,0.9638853187157242,26.887050396838458
ara,19,0.75,30.34905066347037,0.9636292823230118,27.352426820256483
ozgun,20,0,42.62345424806402,,34.464190454364704
ara,21,0.25,30.254850821084478,0.9626878405012955,28.040995111800143
ara,22,0.5,29.82125900175106,0.9623726432551745,26.723738526198805
ara,23,0.75,30.21149040757008,0.9621324382056367,27.160493264994805
ozgun,24,0,42.620205457564985,,34.29103414407314
ara,25,0.25,30.040484991426144,0.9609513114140347,27.80973471996388
ara,26,0.5,29.55633727379866,0.9605283468732875,26.46109045297383
ara,27,0.75,29.89695367685139,0.9599882908439152,26.887092816487723
ozgun,28,0,42.64433818770943,,34.111183794389646
ara,29,0.25,29.730238655287664,0.9585937310434678,27.542483387902188
ara,30,0.5,29.287920416295083,0.9582987545269765,26.22790776338016
ara,31,0.75,29.656364654397812,0.9578237511978976,26.67784291859372
ozgun,32,0,42.66144047553539,,33.959396947437355
ara,33,0.25,29.543204296667618,0.9565789135627251,27.34454068589336
ara,34,0.5,29.086065427854017,0.9562566910829364,26.02609557351995
ara,35,0.75,29.496104263728306,0.9560307617303708,26.48713792010335
ozgun,36,0,42.782649142632714,,33.82512224938385
ara,37,0.25,29.38597910015296,0.9546537069612296,27.17880897823423
ara,38,0.5,28.92394702555393,0.9541777636493839,25.872940950648953
ara,39,0.75,29.32711541823979,0.9543227246320627,26.338756159429725
ozgun,40,0,42.812367153309225,,33.71613155969395
ara,41,0.25,29.20981965954787,0.9527657732835109,27.002787957956684
ara,42,0.5,28.731895870198215,0.952318720609414,25.69322812106126
ara,43,0.75,29.131523531605893,0.9522461780970721,26.136007429336892
ozgun,44,0,42.809631178039275,,33.56165559543899
ara,45,0.25,28.976595030336444,0.9506674309976679,26.799498454266516
ara,46,0.5,28.466699152322455,0.9501030948428915,25.461373118277702
ara,47,0.75,28.874280369171586,0.9500733464818409,25.906858770353388
ozgun,48,0,42.82198123891724,,33.39603259228596
ara,49,0.25,28.79958003166488,0.9482283734132165,26.59803183555828
ara,50,0.5,28.303918460890188,0.9477987345074993,25.28386622746815
ara,51,0.75,28.728351931577585,0.9477158469566829,25.744473328046467
ozgun,52,0,42.82341351001375,,33.27462542471992
ara,53,0.25,28.661363688309134,0.9465103326145015,26.46695825070378
ara,54,0.5,28.19294514069744,0.9464289589832982,25.17871083558638
ara,55,0.75,28.616950779757907,0.9463054125319875,25.6542849236296
ozgun,56,0,42.852627885856485,,33.21394159904437
ara,57,0.25,28.570702877164884,0.9453595663435725,26.379454615749918
ara,58,0.5,28.085734130122017,0.9452351475948629,25.07974740107608
ara,59,0.75,28.527044457727662,0.9452125996598781,25.565779712292102
ozgun,60,0,42.848211399029324,,33.14199209146492
ara,61,0.25,28.444949059748193,0.944114072185227,26.274614383371556
ara,62,0.5,27.952523324925735,0.9438189746199528,24.97525175599676
ara,63,0.75,28.368757908751213,0.9437861944411218,25.442042020802145
ozgun,64,0,42.86399979243691,,33.06362148511305
ara,65,0.25,28.269525174068647,0.9422926436863849,26.126421022649676
ara,66,0.5,27.814175181177557,0.9421958686710165,24.85702969062643
ara,67,0.75,28.22459616260033,0.9421480614110472,25.326378702176324
ozgun,68,0,42.87925951573348,,32.98814814400118
ara,69,0.25,28.135961713121457,0.940903091726404,26.00706182744667
ara,70,0.5,27.685686138975655,0.9409950365389357,24.744574564327387
ara,71,0.75,28.06476480077544,0.9408147171838295,25.192134018967227
ozgun,72,0,42.90316009119289,,32.891797996875475
ara,73,0.25,27.988914845724402,0.939469721371933,25.872235185917624
ara,74,0.5,27.486166221218774,0.9389257446264754,24.58402577435485
ara,75,0.75,27.887462081520322,0.9387157551535644,25.039505361413394
ozgun,76,0,42.87868798418028,,32.76419828367521
ara,77,0.25,27.79039324847101,0.9369552646872858,25.700100078839693
ara,78,0.5,27.30412369165698,0.9361051492056569,24.417485282070164
ara,79,0.75,27.66370395495038,0.9356610421656012,24.841861759097682
ozgun,80,0,42.93129976045356,,32.6095367305886
ara,81,0.25,27.538835689195352,0.9337172753737765,25.464307239500258
ara,82,0.5,27.01284218554353,0.9323643619322735,24.14537434575088
ara,83,0.75,27.360684034732046,0.9316118697123225,24.536564046274577
ozgun,84,0,42.90894363734279,,32.33590958765718
ara,85,0.25,27.160388520440307,0.9285136688056139,25.091624970983286
ara,86,0.5,26.68487242536252,0.9273549859509926,23.820981070814216
ara,87,0.75,27.015778557856315,0.9262225248752368,24.19838376639622
ozgun,88,0,42.89812119626668,,32.097444596128284
ara,89,0.25,26.980520590609324,0.9240408992236029,24.876339874381806
ara,90,0.5,26.527360323030077,0.9237884378801625,23.623609082356182
ara,91,0.75,26.912903663905592,0.9230752717375721,24.0409376817746
ozgun,92,0,42.86909237974237,,31.95673843309505
ara,93,0.25,26.905334533605462,0.9216098404616,24.756684890130334
ara,94,0.5,26.484525409496072,0.9219020820382949,23.55300513468224
ara,95,0.75,26.86440509651788,0.9213909391502896,23.980397305213586
ozgun,96,0,42.7663984353931,,31.877973838583678
ara,97,0.25,26.872108636770186,0.9205185072946782,24.725908809991868
ara,98,0.5,26.439773545322186,0.9206641276681764,23.49949611754781
ara,99,0.75,26.816770442531674,0.9202353926437306,23.93022067442903
ozgun,100,0,42.75756084454963,,31.843043958532753
ara,101,0.25,26.83765939318397,0.9197456057359533,24.678117397570553
ara,102,0.5,26.403888830666936,0.9199757023112957,23.460485689148985
ara,103,0.75,26.76972967444968,0.9193044487867089,23.880753513743155
ozgun,104,0,42.75215188558696,,31.807092258457285
ara,105,0.25,26.780705014485136,0.9187705396611864,24.629651297006628
ara,106,0.5,26.341748636587127,0.9189667385946342,23.406885237584497
ara,107,0.75,26.722064248254483,0.9184506074669988,23.829978551716827
ozgun,108,0,42.75493082016315,,31.765473852883396
ara,109,0.25,26.74036925721644,0.9179550829955891,24.589493799511196
ara,110,0.5,26.325617064275306,0.9182391696703568,23.377383207731484
ara,111,0.75,26.70113906055752,0.9177814276038955,23.800588855087717
ozgun,112,0,42.74899346793327,,31.73226809284551
